<?xml version="1.0" ?>
<data>
  <!--NOTE: This is an ** Autogenerated file **-->
  <!--NOTE: Sector size is 512bytes-->
  <program SECTOR_SIZE_IN_BYTES="512" file_sector_offset="0" filename="sbc_1.0_8016.bin" label="cdt" num_partition_sectors="4" partofsingleimage="false" physical_partition_number="0" readbackverify="false" size_in_KB="2.0" sparse="false" start_byte_hex="0x4000000" start_sector="131072"/>
  <program SECTOR_SIZE_IN_BYTES="512" file_sector_offset="0" filename="sbl1.mbn" label="sbl1" num_partition_sectors="1024" partofsingleimage="false" physical_partition_number="0" readbackverify="false" size_in_KB="512.0" sparse="false" start_byte_hex="0x8000000" start_sector="262144"/>
  <program SECTOR_SIZE_IN_BYTES="512" file_sector_offset="0" filename="rpm.mbn" label="rpm" num_partition_sectors="1024" partofsingleimage="false" physical_partition_number="0" readbackverify="false" size_in_KB="512.0" sparse="false" start_byte_hex="0x8080000" start_sector="263168"/>
  <program SECTOR_SIZE_IN_BYTES="512" file_sector_offset="0" filename="tz.mbn" label="tz" num_partition_sectors="2048" partofsingleimage="false" physical_partition_number="0" readbackverify="false" size_in_KB="1024.0" sparse="false" start_byte_hex="0x8100000" start_sector="264192"/>
  <program SECTOR_SIZE_IN_BYTES="512" file_sector_offset="0" filename="hyp.mbn" label="hyp" num_partition_sectors="1024" partofsingleimage="false" physical_partition_number="0" readbackverify="false" size_in_KB="512.0" sparse="false" start_byte_hex="0x8200000" start_sector="266240"/>
  <program SECTOR_SIZE_IN_BYTES="512" file_sector_offset="0" filename="sec.dat" label="sec" num_partition_sectors="32" partofsingleimage="false" physical_partition_number="0" readbackverify="false" size_in_KB="16.0" sparse="false" start_byte_hex="0x8280000" start_sector="267264"/>
  <program SECTOR_SIZE_IN_BYTES="512" file_sector_offset="0" filename="" label="modemst1" num_partition_sectors="4096" partofsingleimage="false" physical_partition_number="0" readbackverify="false" size_in_KB="2048.0" sparse="false" start_byte_hex="0x8284000" start_sector="267296"/>
  <program SECTOR_SIZE_IN_BYTES="512" file_sector_offset="0" filename="" label="modemst2" num_partition_sectors="4096" partofsingleimage="false" physical_partition_number="0" readbackverify="false" size_in_KB="2048.0" sparse="false" start_byte_hex="0x8484000" start_sector="271392"/>
  <program SECTOR_SIZE_IN_BYTES="512" file_sector_offset="0" filename="" label="fsc" num_partition_sectors="2" partofsingleimage="false" physical_partition_number="0" readbackverify="false" size_in_KB="1.0" sparse="false" start_byte_hex="0x8684000" start_sector="275488"/>
  <program SECTOR_SIZE_IN_BYTES="512" file_sector_offset="0" filename="fs_image_linux.tar.gz.mbn.img" label="fsg" num_partition_sectors="4096" partofsingleimage="false" physical_partition_number="0" readbackverify="false" size_in_KB="2048.0" sparse="false" start_byte_hex="0xc000000" start_sector="393216"/>
  <program SECTOR_SIZE_IN_BYTES="512" file_sector_offset="0" filename="emmc_appsboot.mbn" label="aboot" num_partition_sectors="2048" partofsingleimage="false" physical_partition_number="0" readbackverify="false" size_in_KB="1024.0" sparse="false" start_byte_hex="0x10000000" start_sector="524288"/>
  <program SECTOR_SIZE_IN_BYTES="512" file_sector_offset="0" filename="boot-erase.img" label="boot" num_partition_sectors="131072" partofsingleimage="false" physical_partition_number="0" readbackverify="false" size_in_KB="65536.0" sparse="false" start_byte_hex="0x10100000" start_sector="526336"/>
  <program SECTOR_SIZE_IN_BYTES="512" file_sector_offset="0" filename="" label="devinfo" num_partition_sectors="2048" partofsingleimage="false" physical_partition_number="0" readbackverify="false" size_in_KB="1024.0" sparse="true" start_byte_hex="0x14100000" start_sector="657408"/>
  <program SECTOR_SIZE_IN_BYTES="512" file_sector_offset="0" filename="" label="rootfs" num_partition_sectors="0" partofsingleimage="false" physical_partition_number="0" readbackverify="false" size_in_KB="0" sparse="false" start_byte_hex="0x14200000" start_sector="659456"/>
  <program SECTOR_SIZE_IN_BYTES="512" file_sector_offset="0" filename="gpt_main0.bin" label="PrimaryGPT" num_partition_sectors="34" partofsingleimage="true" physical_partition_number="0" readbackverify="false" size_in_KB="17.0" sparse="false" start_byte_hex="0x0" start_sector="0"/>
  <program SECTOR_SIZE_IN_BYTES="512" file_sector_offset="0" filename="gpt_backup0.bin" label="BackupGPT" num_partition_sectors="33" partofsingleimage="true" physical_partition_number="0" readbackverify="false" size_in_KB="16.5" sparse="false" start_byte_hex="(512*NUM_DISK_SECTORS)-16896." start_sector="NUM_DISK_SECTORS-33."/>
</data>
